"DESCRIPTION","DURATION IN MS","NAME","PARENT SUITE","START TIME","STATUS","STOP TIME","SUB SUITE","SUITE","TEST CLASS","TEST METHOD"
"","27","Returns Optional.empty() if search painting by unknown title","","Tue Mar 10 00:19:51 UTC 2026","passed","Tue Mar 10 00:19:51 UTC 2026","","[GRPC] Paintings tests","org.rococo.tests.tests.fake.grpc.PaintingGrpcTest","canGetEmptyPaintingByUnknownTitleTest"
"","9501","Check museums found by filtered search","","Tue Mar 10 00:22:01 UTC 2026","passed","Tue Mar 10 00:22:11 UTC 2026","","[WEB] Museums tests","org.rococo.tests.tests.web.MuseumsWebTest","shouldFindMuseumsWithFilterTest"
"","10471","Check errors visible on add new artist form if fields image has invalid format","","Tue Mar 10 00:20:09 UTC 2026","passed","Tue Mar 10 00:20:19 UTC 2026","","[WEB] Artists tests","org.rococo.tests.tests.web.ArtistsWebTest","shouldDisplayErrorOnAddArtistFormWhenUploadingInvalidImageFormat"
"","9","Can get country by id","","Tue Mar 10 00:19:40 UTC 2026","passed","Tue Mar 10 00:19:40 UTC 2026","","[DB] Paintings tests","org.rococo.tests.tests.fake.db.CountryDbTest","canGetCountryByIdTest"
"","13391","Check errors visible on update painting form if fields have greater than max characters length Case: [min - 1]","","Tue Mar 10 00:24:10 UTC 2026","failed","Tue Mar 10 00:24:24 UTC 2026","","[WEB] Paintings tests","org.rococo.tests.tests.web.PaintingsWebTests","shouldVisibleErrorsOnPaintingUpdateFormIfPaintingFieldsHaveGreaterThanMaxLengthTest"
"","1798","Can get all artist paintings","","Tue Mar 10 00:19:42 UTC 2026","passed","Tue Mar 10 00:19:44 UTC 2026","","[DB] Paintings tests","org.rococo.tests.tests.fake.db.PaintingDbTest","canGetAllArtistPaintingsTest"
"","7297","Check displayed empty filtered list container if painting not founded by query","","Tue Mar 10 00:25:22 UTC 2026","passed","Tue Mar 10 00:25:29 UTC 2026","","[WEB] Paintings tests","org.rococo.tests.tests.web.PaintingsWebTests","shouldDisplayPaintingAfterFilteringByNameTest"
"","406","Can not create painting with unknown artist","","Tue Mar 10 00:19:42 UTC 2026","passed","Tue Mar 10 00:19:42 UTC 2026","","[DB] Paintings tests","org.rococo.tests.tests.fake.db.PaintingDbTest","canNotCreatePaintingWithUnknownArtistTest"
"","5388","Check errors displayed if username has invalid pattern Case: [username contains multiple specials in a row]","","Tue Mar 10 00:25:52 UTC 2026","passed","Tue Mar 10 00:25:57 UTC 2026","","[WEB] Registration tests","org.rococo.tests.tests.web.RegistrationWebTests","shouldDisplayErrorsIfUsernameHasInvalidPatternTest"
"","262","Should returns BAD_REQUEST if password and confirmPassword mismatch","","Tue Mar 10 00:19:38 UTC 2026","passed","Tue Mar 10 00:19:38 UTC 2026","","[API] Registration tests","org.rococo.tests.tests.api.RegistrationApiTests","shouldReturnBadRequestIfPasswordAndConfirmPasswordMismatchTest"
"","14580","Check artist creates if data length is valid Case: [max]","","Tue Mar 10 00:20:44 UTC 2026","passed","Tue Mar 10 00:20:58 UTC 2026","","[WEB] Artists tests","org.rococo.tests.tests.web.ArtistsWebTest","shouldCreateArtistWithValidLengthDataTest"
"","356","Can update user","","Tue Mar 10 00:19:53 UTC 2026","passed","Tue Mar 10 00:19:53 UTC 2026","","[GRPC] Users tests","org.rococo.tests.tests.fake.grpc.UserGrpcTest","canUpdateUserTest"
"","42","Should throw CountryNotFoundException if create museum with unknown country","","Tue Mar 10 00:19:40 UTC 2026","passed","Tue Mar 10 00:19:40 UTC 2026","","[DB] Museums tests","org.rococo.tests.tests.fake.db.MuseumDbTest","shouldThrowCountryNotFoundExceptionIfCreateMuseumWithUnknownCountryTest"
"","595","Can not create painting with unknown artist","","Tue Mar 10 00:19:35 UTC 2026","passed","Tue Mar 10 00:19:36 UTC 2026","","[API] Paintings tests","org.rococo.tests.tests.api.PaintingApiTest","canNotCreatePaintingWithUnknownArtistTest"
"","725","Can create painting","","Tue Mar 10 00:19:36 UTC 2026","passed","Tue Mar 10 00:19:37 UTC 2026","","[API] Paintings tests","org.rococo.tests.tests.api.PaintingApiTest","canCreatePaintingTest"
"","1997","Can update painting","","Tue Mar 10 00:19:33 UTC 2026","failed","Tue Mar 10 00:19:35 UTC 2026","","[API] Paintings tests","org.rococo.tests.tests.api.PaintingApiTest","canUpdatePaintingTest"
"","136","Can get artist by id","","Tue Mar 10 00:19:40 UTC 2026","passed","Tue Mar 10 00:19:40 UTC 2026","","[DB] Artists tests","org.rococo.tests.tests.fake.db.ArtistDbTest","canGetArtistByIdTest"
"","3","Returns Optional.empty() if search country by unknown country code","","Tue Mar 10 00:19:40 UTC 2026","passed","Tue Mar 10 00:19:40 UTC 2026","","[DB] Paintings tests","org.rococo.tests.tests.fake.db.CountryDbTest","canGetEmptyCountryByUnknownCountryCodeTest"
"","13321","Check artist updates if data length is valid Case: [min]","","Tue Mar 10 00:19:54 UTC 2026","passed","Tue Mar 10 00:20:07 UTC 2026","","[WEB] Artists tests","org.rococo.tests.tests.web.ArtistsWebTest","shouldUpdateArtistWithValidLengthDataTest"
"","215","Should returns BAD_REQUEST if register with invalid length username Case: username length = 5","","Tue Mar 10 00:19:38 UTC 2026","passed","Tue Mar 10 00:19:38 UTC 2026","","[API] Registration tests","org.rococo.tests.tests.api.RegistrationApiTests","shouldReturnBadRequestIfUsernameLengthInvalidTest"
"","5508","Check errors displayed if username has invalid pattern Case: [username contains invalid special]","","Tue Mar 10 00:25:57 UTC 2026","passed","Tue Mar 10 00:26:03 UTC 2026","","[WEB] Registration tests","org.rococo.tests.tests.web.RegistrationWebTests","shouldDisplayErrorsIfUsernameHasInvalidPatternTest"
"","10","Throws exception if CountryCode = EMPTY","","Tue Mar 10 00:19:47 UTC 2026","passed","Tue Mar 10 00:19:47 UTC 2026","","[GRPC] Countries tests","org.rococo.tests.tests.fake.grpc.CountryGrpcTest","shouldThrowExceptionIfCountryCodeIsEmptyTest"
"","598","Can delete painting","","Tue Mar 10 00:19:35 UTC 2026","passed","Tue Mar 10 00:19:36 UTC 2026","","[API] Paintings tests","org.rococo.tests.tests.api.PaintingApiTest","canDeletePaintingTest"
"","7","Returns Optional.empty() if search artist by unknown id","","Tue Mar 10 00:19:40 UTC 2026","passed","Tue Mar 10 00:19:40 UTC 2026","","[DB] Artists tests","org.rococo.tests.tests.fake.db.ArtistDbTest","canGetEmptyArtistByUnknownIdTest"
"","614","Can create painting","","Tue Mar 10 00:19:51 UTC 2026","passed","Tue Mar 10 00:19:52 UTC 2026","","[GRPC] Paintings tests","org.rococo.tests.tests.fake.grpc.PaintingGrpcTest","canCreatePaintingTest"
"","442","Can not update artist name to exist","","Tue Mar 10 00:19:46 UTC 2026","passed","Tue Mar 10 00:19:47 UTC 2026","","[GRPC] Artists tests","org.rococo.tests.tests.fake.grpc.ArtistGrpcTest","canNotUpdateArtistNameToExistTest"
"","533","Should returns BAD_REQUEST if register with exists username","","Tue Mar 10 00:19:38 UTC 2026","passed","Tue Mar 10 00:19:38 UTC 2026","","[API] Registration tests","org.rococo.tests.tests.api.RegistrationApiTests","shouldReturnBadRequestIfRegisterWithExistsUsernameTest"
"","7563","Check errors visible on add new artist form if fields have greater than max characters length Case: [1]","","Tue Mar 10 00:20:57 UTC 2026","passed","Tue Mar 10 00:21:04 UTC 2026","","[WEB] Artists tests","org.rococo.tests.tests.web.ArtistsWebTest","shouldDisplayErrorsOnAddAristFormIfArtistFieldsHaveGreaterThanMaxLengthTest"
"","357","Can not create museum with exists name","","Tue Mar 10 00:19:32 UTC 2026","passed","Tue Mar 10 00:19:32 UTC 2026","","[API] Museums tests","org.rococo.tests.tests.api.MuseumApiTest","canNotCreateMuseumWithExistsNameTest"
"","547","Can get all users","","Tue Mar 10 00:19:39 UTC 2026","passed","Tue Mar 10 00:19:40 UTC 2026","","[API] Users tests","org.rococo.tests.tests.api.UserApiTest","canGetAllUsersTest"
"","225","Can delete museum","","Tue Mar 10 00:19:41 UTC 2026","passed","Tue Mar 10 00:19:41 UTC 2026","","[DB] Museums tests","org.rococo.tests.tests.fake.db.MuseumDbTest","canDeleteMuseumTest"
"","297","Can get museum by id","","Tue Mar 10 00:19:32 UTC 2026","passed","Tue Mar 10 00:19:32 UTC 2026","","[API] Museums tests","org.rococo.tests.tests.api.MuseumApiTest","canGetMuseumByIdTest"
"","733","Can get all museums","","Tue Mar 10 00:19:48 UTC 2026","passed","Tue Mar 10 00:19:49 UTC 2026","","[GRPC] Museums tests","org.rococo.tests.tests.fake.grpc.MuseumGrpcTest","canGetAllMuseumsTest"
"","17832","Check error displayed on update painting form when uploading image with invalid format","","Tue Mar 10 00:25:29 UTC 2026","passed","Tue Mar 10 00:25:47 UTC 2026","","[WEB] Paintings tests","org.rococo.tests.tests.web.PaintingsWebTests","shouldDisplayErrorOnUpdatePaintingFormWhenUploadingInvalidImageFormat"
"","1","Check displayed default empty list if painting not exists","","Tue Mar 10 00:23:33 UTC 2026","broken","Tue Mar 10 00:23:33 UTC 2026","","[WEB] Paintings tests","org.rococo.tests.tests.web.PaintingsWebTests","shouldDisplayEmptyListWhenPaintingsNotExistsTest"
"","15819","Should add new painting with correct data","","Tue Mar 10 00:23:37 UTC 2026","failed","Tue Mar 10 00:23:53 UTC 2026","","[WEB] Paintings tests","org.rococo.tests.tests.web.PaintingsWebTests","shouldAddPaintingWithCorrectDataTest"
"","371","Can not update museum name to exist","","Tue Mar 10 00:19:40 UTC 2026","passed","Tue Mar 10 00:19:41 UTC 2026","","[DB] Museums tests","org.rococo.tests.tests.fake.db.MuseumDbTest","canNotUpdateMuseumNameToExistTest"
"","1135","Can not update museum if country not found","","Tue Mar 10 00:19:31 UTC 2026","passed","Tue Mar 10 00:19:32 UTC 2026","","[API] Museums tests","org.rococo.tests.tests.api.MuseumApiTest","canNotUpdateMuseumIfCountryNotExistsTest"
"","7566","Check errors visible on add new artist form if fields have greater than max characters length Case: [min - 1]","","Tue Mar 10 00:20:58 UTC 2026","passed","Tue Mar 10 00:21:06 UTC 2026","","[WEB] Artists tests","org.rococo.tests.tests.web.ArtistsWebTest","shouldDisplayErrorsOnAddAristFormIfArtistFieldsHaveGreaterThanMaxLengthTest"
"","34714","Check errors visible on add new museum form if fields have greater than max characters length Case: [min - 1]","","Tue Mar 10 00:22:24 UTC 2026","broken","Tue Mar 10 00:22:59 UTC 2026","","[WEB] Museums tests","org.rococo.tests.tests.web.MuseumsWebTest","shouldDisplayErrorsOnAddAristFormIfMuseumFieldsHaveGreaterThanMaxLengthTest"
"","818","Can create artist","","Tue Mar 10 00:19:27 UTC 2026","passed","Tue Mar 10 00:19:28 UTC 2026","","[API] Artists tests","org.rococo.tests.tests.api.ArtistApiTest","canCreateArtistTest"
"","409","Can not create painting with exists name","","Tue Mar 10 00:19:51 UTC 2026","passed","Tue Mar 10 00:19:51 UTC 2026","","[GRPC] Paintings tests","org.rococo.tests.tests.fake.grpc.PaintingGrpcTest","canNotCreatePaintingWithExistsNameTest"
"","4619","Check errors displayed if registration data has invalid length Case: [1]","","Tue Mar 10 00:26:09 UTC 2026","passed","Tue Mar 10 00:26:13 UTC 2026","","[WEB] Registration tests","org.rococo.tests.tests.web.RegistrationWebTests","shouldDisplayErrorsIfRegistrationDataLengthIsInvalidTest"
"","12245","Check painting creates if data length is valid Case: [min]","","Tue Mar 10 00:25:10 UTC 2026","failed","Tue Mar 10 00:25:22 UTC 2026","","[WEB] Paintings tests","org.rococo.tests.tests.web.PaintingsWebTests","shouldCreatePaintingWithValidLengthDataTest"
"","941","Can not update painting name to exist","","Tue Mar 10 00:19:36 UTC 2026","passed","Tue Mar 10 00:19:37 UTC 2026","","[API] Paintings tests","org.rococo.tests.tests.api.PaintingApiTest","canNotUpdatePaintingNameToExistTest"
"","576","Can not update painting with unknown museum","","Tue Mar 10 00:19:52 UTC 2026","passed","Tue Mar 10 00:19:53 UTC 2026","","[GRPC] Paintings tests","org.rococo.tests.tests.fake.grpc.PaintingGrpcTest","canNotUpdatePaintingWithUnknownMuseumTest"
"","10918","Check errors visible on update artist form if fields have greater than max characters length Case: [min - 1]","","Tue Mar 10 00:20:35 UTC 2026","passed","Tue Mar 10 00:20:46 UTC 2026","","[WEB] Artists tests","org.rococo.tests.tests.web.ArtistsWebTest","shouldVisibleErrorsOnArtistUpdateFormIfArtistFieldsHaveGreaterThanMaxLengthTest"
"","131","Should throw CountryNotFoundException if update museum with unknown country","","Tue Mar 10 00:19:48 UTC 2026","passed","Tue Mar 10 00:19:48 UTC 2026","","[GRPC] Museums tests","org.rococo.tests.tests.fake.grpc.MuseumGrpcTest","shouldThrowCountryNotFoundExceptionIfCreateMuseumWithUnknownCountryTest"
"","49","Can get country by id","","Tue Mar 10 00:19:47 UTC 2026","passed","Tue Mar 10 00:19:47 UTC 2026","","[GRPC] Countries tests","org.rococo.tests.tests.fake.grpc.CountryGrpcTest","canGetCountryByIdTest"
"","339","Can not create user with exists username","","Tue Mar 10 00:19:45 UTC 2026","passed","Tue Mar 10 00:19:45 UTC 2026","","[DB] Users tests","org.rococo.tests.tests.fake.db.UserDbTest","canNotCreateUserWithExistsUsernameTest"
"","151","Should returns BAD_REQUEST if register with weak password","","Tue Mar 10 00:19:38 UTC 2026","passed","Tue Mar 10 00:19:38 UTC 2026","","[API] Registration tests","org.rococo.tests.tests.api.RegistrationApiTests","shouldReturnBadRequestIfPasswordIsWeakTest"
"","4267","Should not register if password and confirmation password not equals","","Tue Mar 10 00:25:47 UTC 2026","passed","Tue Mar 10 00:25:52 UTC 2026","","[WEB] Registration tests","org.rococo.tests.tests.web.RegistrationWebTests","shouldNotRegisterIfPasswordAndConfirmationPasswordNotEqualsTest"
"","179","Can get artist by name","","Tue Mar 10 00:19:40 UTC 2026","passed","Tue Mar 10 00:19:40 UTC 2026","","[DB] Artists tests","org.rococo.tests.tests.fake.db.ArtistDbTest","canGetArtistByName"
"","9225","Check artists found by filtered search","","Tue Mar 10 00:20:45 UTC 2026","passed","Tue Mar 10 00:20:54 UTC 2026","","[WEB] Artists tests","org.rococo.tests.tests.web.ArtistsWebTest","shouldFindArtistsWithFilterTest"
"","434","Can get user by username","","Tue Mar 10 00:19:53 UTC 2026","passed","Tue Mar 10 00:19:53 UTC 2026","","[GRPC] Users tests","org.rococo.tests.tests.fake.grpc.UserGrpcTest","canGetUserByUsername"
"","582","Can not create painting with unknown museum","","Tue Mar 10 00:19:34 UTC 2026","passed","Tue Mar 10 00:19:35 UTC 2026","","[API] Paintings tests","org.rococo.tests.tests.api.PaintingApiTest","canNotCreatePaintingWithUnknownMuseumTest"
"","261","Can get user by id","","Tue Mar 10 00:19:53 UTC 2026","passed","Tue Mar 10 00:19:53 UTC 2026","","[GRPC] Users tests","org.rococo.tests.tests.fake.grpc.UserGrpcTest","canGetUserByIdTest"
"","17497","Check artist updates if data length is valid Case: [max]","","Tue Mar 10 00:20:07 UTC 2026","passed","Tue Mar 10 00:20:25 UTC 2026","","[WEB] Artists tests","org.rococo.tests.tests.web.ArtistsWebTest","shouldUpdateArtistWithValidLengthDataTest"
"","1111","Can get painting by id","","Tue Mar 10 00:19:33 UTC 2026","passed","Tue Mar 10 00:19:34 UTC 2026","","[API] Paintings tests","org.rococo.tests.tests.api.PaintingApiTest","canGetPaintingByIdTest"
"","5539","Check update museum button not exists without authorization","","Tue Mar 10 00:23:08 UTC 2026","passed","Tue Mar 10 00:23:13 UTC 2026","","[WEB] Museums tests","org.rococo.tests.tests.web.MuseumsWebTest","shouldNotAvailableUpdateMuseumWithoutAuthorizationTest"
"","116","Should returns BAD_REQUEST if register with invalid length password Case: password length = 4","","Tue Mar 10 00:19:38 UTC 2026","passed","Tue Mar 10 00:19:38 UTC 2026","","[API] Registration tests","org.rococo.tests.tests.api.RegistrationApiTests","shouldReturnBadRequestIfPasswordLengthInvalidTest"
"","761","Can not create artist with exists name","","Tue Mar 10 00:19:45 UTC 2026","passed","Tue Mar 10 00:19:46 UTC 2026","","[GRPC] Artists tests","org.rococo.tests.tests.fake.grpc.ArtistGrpcTest","canNotCreateArtistWithExistsNameTest"
"","1379","Can get all paintings","","Tue Mar 10 00:19:41 UTC 2026","passed","Tue Mar 10 00:19:42 UTC 2026","","[DB] Paintings tests","org.rococo.tests.tests.fake.db.PaintingDbTest","canGetAllPaintingsTest"
"","220","Should throw CountryNotFoundException if update museum with unknown country","","Tue Mar 10 00:19:48 UTC 2026","passed","Tue Mar 10 00:19:48 UTC 2026","","[GRPC] Museums tests","org.rococo.tests.tests.fake.grpc.MuseumGrpcTest","shouldThrowCountryNotFoundExceptionIfUpdateMuseumWithUnknownCountryTest"
"","652","Can update artist","","Tue Mar 10 00:19:28 UTC 2026","passed","Tue Mar 10 00:19:29 UTC 2026","","[API] Artists tests","org.rococo.tests.tests.api.ArtistApiTest","canUpdateArtistTest"
"","405","Can get all artist","","Tue Mar 10 00:19:40 UTC 2026","passed","Tue Mar 10 00:19:40 UTC 2026","","[DB] Artists tests","org.rococo.tests.tests.fake.db.ArtistDbTest","canGetAllArtistsTest"
"","17","Returns Optional.empty() if search country by unknown country code","","Tue Mar 10 00:19:30 UTC 2026","passed","Tue Mar 10 00:19:30 UTC 2026","","[API] Countries tests","org.rococo.tests.tests.api.CountryApiTest","canGetEmptyCountryByUnknownCountryCodeTest"
"","9","Returns Optional.empty() if search museum by unknown id","","Tue Mar 10 00:19:40 UTC 2026","passed","Tue Mar 10 00:19:40 UTC 2026","","[DB] Museums tests","org.rococo.tests.tests.fake.db.MuseumDbTest","canGetEmptyMuseumByUnknownIdTest"
"","10","Can get country by code","","Tue Mar 10 00:19:40 UTC 2026","passed","Tue Mar 10 00:19:40 UTC 2026","","[DB] Paintings tests","org.rococo.tests.tests.fake.db.CountryDbTest","canGetCountryByCodeTest"
"","23231","Check museum updates if data length is valid Case: [min]","","Tue Mar 10 00:22:44 UTC 2026","failed","Tue Mar 10 00:23:08 UTC 2026","","[WEB] Museums tests","org.rococo.tests.tests.web.MuseumsWebTest","shouldUpdateMuseumWithValidLengthDataTest"
"","558","Can get all user","","Tue Mar 10 00:19:53 UTC 2026","passed","Tue Mar 10 00:19:54 UTC 2026","","[GRPC] Users tests","org.rococo.tests.tests.fake.grpc.UserGrpcTest","canGetAllUsersTest"
"","248","Can not create user with exists username","","Tue Mar 10 00:19:53 UTC 2026","passed","Tue Mar 10 00:19:53 UTC 2026","","[GRPC] Users tests","org.rococo.tests.tests.fake.grpc.UserGrpcTest","canNotCreateUserWithExistsUsernameTest"
"","282","Returns Optional.empty() if search painting by unknown title","","Tue Mar 10 00:19:36 UTC 2026","passed","Tue Mar 10 00:19:36 UTC 2026","","[API] Paintings tests","org.rococo.tests.tests.api.PaintingApiTest","canGetEmptyPaintingByUnknownTitleTest"
"","298","Can not create painting with unknown museum","","Tue Mar 10 00:19:44 UTC 2026","passed","Tue Mar 10 00:19:44 UTC 2026","","[DB] Paintings tests","org.rococo.tests.tests.fake.db.PaintingDbTest","canNotUpdatePaintingWithUnknownMuseumTest"
"","6188","Check displayed empty filtered list container if museum not founded by query","","Tue Mar 10 00:22:32 UTC 2026","passed","Tue Mar 10 00:22:39 UTC 2026","","[WEB] Museums tests","org.rococo.tests.tests.web.MuseumsWebTest","shouldDisplayMuseumAfterFilteringByNameTest"
"","229","Can register user with valid data","","Tue Mar 10 00:19:38 UTC 2026","passed","Tue Mar 10 00:19:38 UTC 2026","","[API] Registration tests","org.rococo.tests.tests.api.RegistrationApiTests","canRegisterUserWithValidDataTest"
"","209","Can create museum","","Tue Mar 10 00:19:48 UTC 2026","passed","Tue Mar 10 00:19:48 UTC 2026","","[GRPC] Museums tests","org.rococo.tests.tests.fake.grpc.MuseumGrpcTest","canCreateMuseumTest"
"","1414","Can get all artist paintings","","Tue Mar 10 00:19:51 UTC 2026","passed","Tue Mar 10 00:19:52 UTC 2026","","[GRPC] Paintings tests","org.rococo.tests.tests.fake.grpc.PaintingGrpcTest","canGetAllArtistPaintingsTest"
"","641","Can get country by id","","Tue Mar 10 00:19:29 UTC 2026","passed","Tue Mar 10 00:19:30 UTC 2026","","[API] Countries tests","org.rococo.tests.tests.api.CountryApiTest","canGetCountryByIdTest"
"","201","Can get museum by title","","Tue Mar 10 00:19:40 UTC 2026","passed","Tue Mar 10 00:19:40 UTC 2026","","[DB] Museums tests","org.rococo.tests.tests.fake.db.MuseumDbTest","canGetMuseumByTitle"
"","209","Can delete user","","Tue Mar 10 00:19:44 UTC 2026","passed","Tue Mar 10 00:19:45 UTC 2026","","[DB] Users tests","org.rococo.tests.tests.fake.db.UserDbTest","canDeleteUserTest"
"","15333","Should add new museum with correct data","","Tue Mar 10 00:23:01 UTC 2026","passed","Tue Mar 10 00:23:16 UTC 2026","","[WEB] Museums tests","org.rococo.tests.tests.web.MuseumsWebTest","shouldAddMuseumWithCorrectDataTest"
"","625","Can not update painting with unknown artist","","Tue Mar 10 00:19:37 UTC 2026","passed","Tue Mar 10 00:19:38 UTC 2026","","[API] Paintings tests","org.rococo.tests.tests.api.PaintingApiTest","canNotUpdatePaintingWithUnknownArtistTest"
"","11455","Check errors visible on add new artist form if fields have greater than max characters length Case: [max + 10]","","Tue Mar 10 00:20:54 UTC 2026","passed","Tue Mar 10 00:21:05 UTC 2026","","[WEB] Artists tests","org.rococo.tests.tests.web.ArtistsWebTest","shouldDisplayErrorsOnAddAristFormIfArtistFieldsHaveGreaterThanMaxLengthTest"
"","11039","Should add new artist with correct data","","Tue Mar 10 00:19:54 UTC 2026","passed","Tue Mar 10 00:20:05 UTC 2026","","[WEB] Artists tests","org.rococo.tests.tests.web.ArtistsWebTest","shouldAddArtistWithCorrectDataTest"
"","15267","Check errors visible on update artist form if fields have greater than max characters length Case: [max + 1]","","Tue Mar 10 00:20:20 UTC 2026","passed","Tue Mar 10 00:20:35 UTC 2026","","[WEB] Artists tests","org.rococo.tests.tests.web.ArtistsWebTest","shouldVisibleErrorsOnArtistUpdateFormIfArtistFieldsHaveGreaterThanMaxLengthTest"
"","26999","Check errors visible on add new museum form if fields have greater than max characters length Case: [max + 10]","","Tue Mar 10 00:21:57 UTC 2026","failed","Tue Mar 10 00:22:24 UTC 2026","","[WEB] Museums tests","org.rococo.tests.tests.web.MuseumsWebTest","shouldDisplayErrorsOnAddAristFormIfMuseumFieldsHaveGreaterThanMaxLengthTest"
"","131","Should returns BAD_REQUEST if register with invalid length username Case: username length = 31","","Tue Mar 10 00:19:38 UTC 2026","passed","Tue Mar 10 00:19:38 UTC 2026","","[API] Registration tests","org.rococo.tests.tests.api.RegistrationApiTests","shouldReturnBadRequestIfUsernameLengthInvalidTest"
"","279","Can not create painting with unknown museum","","Tue Mar 10 00:19:50 UTC 2026","passed","Tue Mar 10 00:19:50 UTC 2026","","[GRPC] Paintings tests","org.rococo.tests.tests.fake.grpc.PaintingGrpcTest","canNotCreatePaintingWithUnknownMuseumTest"
"","6","Returns Optional.empty() if search user by unknown username","","Tue Mar 10 00:19:44 UTC 2026","passed","Tue Mar 10 00:19:44 UTC 2026","","[DB] Users tests","org.rococo.tests.tests.fake.db.UserDbTest","canGetEmptyUserByUnknownUsernameTest"
"","788","Can get artist by name","","Tue Mar 10 00:19:45 UTC 2026","passed","Tue Mar 10 00:19:46 UTC 2026","","[GRPC] Artists tests","org.rococo.tests.tests.fake.grpc.ArtistGrpcTest","canGetArtistByName"
"","24357","Should update museum with correct data","","Tue Mar 10 00:21:18 UTC 2026","passed","Tue Mar 10 00:21:43 UTC 2026","","[WEB] Museums tests","org.rococo.tests.tests.web.MuseumsWebTest","shouldUpdateMuseumWithCorrectDataTest"
"","122","Can create artist","","Tue Mar 10 00:19:40 UTC 2026","passed","Tue Mar 10 00:19:40 UTC 2026","","[DB] Artists tests","org.rococo.tests.tests.fake.db.ArtistDbTest","canCreateArtistTest"
"","2","Check displayed default empty list if artist not exists","","Tue Mar 10 00:20:33 UTC 2026","broken","Tue Mar 10 00:20:33 UTC 2026","","[WEB] Artists tests","org.rococo.tests.tests.web.ArtistsWebTest","shouldDisplayEmptyListWhenArtistsNotExistsTest"
"","181","Can not update artist name to exist","","Tue Mar 10 00:19:40 UTC 2026","passed","Tue Mar 10 00:19:40 UTC 2026","","[DB] Artists tests","org.rococo.tests.tests.fake.db.ArtistDbTest","canNotUpdateArtistNameToExistTest"
"","6394","Check add new artist button not exists without authorization","","Tue Mar 10 00:20:02 UTC 2026","passed","Tue Mar 10 00:20:09 UTC 2026","","[WEB] Artists tests","org.rococo.tests.tests.web.ArtistsWebTest","shouldNotAvailableAddArtistWithoutAuthorizationTest"
"","536","Can get all museum","","Tue Mar 10 00:19:40 UTC 2026","passed","Tue Mar 10 00:19:41 UTC 2026","","[DB] Museums tests","org.rococo.tests.tests.fake.db.MuseumDbTest","canGetAllMuseumsTest"
"","21885","Check errors visible on update painting form if fields have greater than max characters length Case: [max + 1]","","Tue Mar 10 00:25:11 UTC 2026","passed","Tue Mar 10 00:25:33 UTC 2026","","[WEB] Paintings tests","org.rococo.tests.tests.web.PaintingsWebTests","shouldVisibleErrorsOnPaintingUpdateFormIfPaintingFieldsHaveGreaterThanMaxLengthTest"
"","12128","Check errors visible on add new museum form if fields have greater than max characters length Case: [1]","","Tue Mar 10 00:22:59 UTC 2026","passed","Tue Mar 10 00:23:11 UTC 2026","","[WEB] Museums tests","org.rococo.tests.tests.web.MuseumsWebTest","shouldDisplayErrorsOnAddAristFormIfMuseumFieldsHaveGreaterThanMaxLengthTest"
"","564","Can get all user","","Tue Mar 10 00:19:45 UTC 2026","passed","Tue Mar 10 00:19:45 UTC 2026","","[DB] Users tests","org.rococo.tests.tests.fake.db.UserDbTest","canGetAllUsersTest"
"","307","Can get artist by id","","Tue Mar 10 00:19:46 UTC 2026","passed","Tue Mar 10 00:19:46 UTC 2026","","[GRPC] Artists tests","org.rococo.tests.tests.fake.grpc.ArtistGrpcTest","canGetArtistByIdTest"
"","20451","Should update painting with correct data","","Tue Mar 10 00:23:28 UTC 2026","passed","Tue Mar 10 00:23:48 UTC 2026","","[WEB] Paintings tests","org.rococo.tests.tests.web.PaintingsWebTests","shouldUpdatePaintingWithCorrectDataTest"
"","1009","Can not update painting name to exist","","Tue Mar 10 00:19:43 UTC 2026","passed","Tue Mar 10 00:19:44 UTC 2026","","[DB] Paintings tests","org.rococo.tests.tests.fake.db.PaintingDbTest","canNotUpdatePaintingNameToExistTest"
"","5308","Check errors displayed if password has invalid pattern Case: [password not contains special symbols]","","Tue Mar 10 00:25:57 UTC 2026","passed","Tue Mar 10 00:26:02 UTC 2026","","[WEB] Registration tests","org.rococo.tests.tests.web.RegistrationWebTests","shouldDisplayErrorsIfPasswordHasInvalidPatternTest"
"","618","Can delete museum","","Tue Mar 10 00:19:32 UTC 2026","passed","Tue Mar 10 00:19:33 UTC 2026","","[API] Museums tests","org.rococo.tests.tests.api.MuseumApiTest","canDeleteMuseumTest"
"","33244","Check errors visible on add new painting form if fields have greater than max characters length Case: [max + 10]","","Tue Mar 10 00:23:53 UTC 2026","passed","Tue Mar 10 00:24:26 UTC 2026","","[WEB] Paintings tests","org.rococo.tests.tests.web.PaintingsWebTests","shouldDisplayErrorsOnAddAristFormIfPaintingFieldsHaveGreaterThanMaxLengthTest"
"","19239","Check museum creates if data length is valid Case: [max]","","Tue Mar 10 00:21:18 UTC 2026","failed","Tue Mar 10 00:21:37 UTC 2026","","[WEB] Museums tests","org.rococo.tests.tests.web.MuseumsWebTest","shouldCreateMuseumWithValidLengthDataTest"
"","1921","Can get all artist paintings","","Tue Mar 10 00:19:35 UTC 2026","passed","Tue Mar 10 00:19:37 UTC 2026","","[API] Paintings tests","org.rococo.tests.tests.api.PaintingApiTest","canGetAllArtistPaintingsTest"
"","532","Returns Optional.empty() if search user by unknown username","","Tue Mar 10 00:19:38 UTC 2026","passed","Tue Mar 10 00:19:39 UTC 2026","","[API] Users tests","org.rococo.tests.tests.api.UserApiTest","canGetEmptyUserByUnknownUsernameTest"
"","102","Returns Optional.empty() if search user by unknown username","","Tue Mar 10 00:19:53 UTC 2026","passed","Tue Mar 10 00:19:53 UTC 2026","","[GRPC] Users tests","org.rococo.tests.tests.fake.grpc.UserGrpcTest","canGetEmptyUserByUnknownUsernameTest"
"","4633","Check update painting button not exists without authorization","","Tue Mar 10 00:24:38 UTC 2026","passed","Tue Mar 10 00:24:42 UTC 2026","","[WEB] Paintings tests","org.rococo.tests.tests.web.PaintingsWebTests","shouldNotAvailableUpdatePaintingWithoutAuthorizationTest"
"","519","Can not create painting with exists name","","Tue Mar 10 00:19:36 UTC 2026","passed","Tue Mar 10 00:19:36 UTC 2026","","[API] Paintings tests","org.rococo.tests.tests.api.PaintingApiTest","canNotCreatePaintingWithExistsNameTest"
"","658","Can not create painting with exists name","","Tue Mar 10 00:19:42 UTC 2026","passed","Tue Mar 10 00:19:43 UTC 2026","","[DB] Paintings tests","org.rococo.tests.tests.fake.db.PaintingDbTest","canNotCreatePaintingWithExistsNameTest"
"","26","Returns Optional.empty() if search user by unknown id","","Tue Mar 10 00:19:53 UTC 2026","passed","Tue Mar 10 00:19:53 UTC 2026","","[GRPC] Users tests","org.rococo.tests.tests.fake.grpc.UserGrpcTest","canGetEmptyUserByUnknownIdTest"
"","209","Returns Optional.empty() if search artist by unknown name","","Tue Mar 10 00:19:28 UTC 2026","passed","Tue Mar 10 00:19:29 UTC 2026","","[API] Artists tests","org.rococo.tests.tests.api.ArtistApiTest","canGetEmptyArtistByUnknownNameTest"
"","26354","Check errors visible on add new painting form if fields have greater than max characters length Case: [min - 1]","","Tue Mar 10 00:24:44 UTC 2026","passed","Tue Mar 10 00:25:10 UTC 2026","","[WEB] Paintings tests","org.rococo.tests.tests.web.PaintingsWebTests","shouldDisplayErrorsOnAddAristFormIfPaintingFieldsHaveGreaterThanMaxLengthTest"
"","6","Returns Optional.empty() if search user by unknown id","","Tue Mar 10 00:19:45 UTC 2026","passed","Tue Mar 10 00:19:45 UTC 2026","","[DB] Users tests","org.rococo.tests.tests.fake.db.UserDbTest","canGetEmptyUserByUnknownIdTest"
"","6186","Check errors displayed if username has invalid pattern Case: [username starts and ends with valid special symbol]","","Tue Mar 10 00:26:03 UTC 2026","passed","Tue Mar 10 00:26:09 UTC 2026","","[WEB] Registration tests","org.rococo.tests.tests.web.RegistrationWebTests","shouldDisplayErrorsIfUsernameHasInvalidPatternTest"
"","69","Returns Optional.empty() if search museum by unknown id","","Tue Mar 10 00:19:48 UTC 2026","passed","Tue Mar 10 00:19:48 UTC 2026","","[GRPC] Museums tests","org.rococo.tests.tests.fake.grpc.MuseumGrpcTest","canGetEmptyMuseumByUnknownIdTest"
"","5206","Should login by correct credentials","","Tue Mar 10 00:21:11 UTC 2026","passed","Tue Mar 10 00:21:16 UTC 2026","","[WEB] Login tests","org.rococo.tests.tests.web.LoginWebTest","shouldLoginWithCorrectCredentialsTest"
"","142","Should produce user into Kafka","","Tue Mar 10 00:19:54 UTC 2026","passed","Tue Mar 10 00:19:54 UTC 2026","","[Kafka] Users tests","org.rococo.tests.tests.fake.kafka.AuthKafkaTest","userShouldBeProducedToKafkaTest"
"","566","Can delete painting","","Tue Mar 10 00:19:50 UTC 2026","passed","Tue Mar 10 00:19:51 UTC 2026","","[GRPC] Paintings tests","org.rococo.tests.tests.fake.grpc.PaintingGrpcTest","canDeletePaintingTest"
"","947","Can not update painting name to exist","","Tue Mar 10 00:19:51 UTC 2026","passed","Tue Mar 10 00:19:52 UTC 2026","","[GRPC] Paintings tests","org.rococo.tests.tests.fake.grpc.PaintingGrpcTest","canNotUpdatePaintingNameToExistTest"
"","8282","Check error displayed on update artist form when uploading image with invalid format","","Tue Mar 10 00:19:54 UTC 2026","passed","Tue Mar 10 00:20:02 UTC 2026","","[WEB] Artists tests","org.rococo.tests.tests.web.ArtistsWebTest","shouldDisplayErrorOnUpdateArtistFormWhenUploadingInvalidImageFormat"
"","187","Can update artist","","Tue Mar 10 00:19:40 UTC 2026","passed","Tue Mar 10 00:19:40 UTC 2026","","[DB] Artists tests","org.rococo.tests.tests.fake.db.ArtistDbTest","canUpdateArtistTest"
"","4754","Check displayed error if register by exists username","","Tue Mar 10 00:25:47 UTC 2026","passed","Tue Mar 10 00:25:52 UTC 2026","","[WEB] Registration tests","org.rococo.tests.tests.web.RegistrationWebTests","shouldNotRegisterIfUsernameExistsTest"
"","479","Can not update museum name to exist","","Tue Mar 10 00:19:33 UTC 2026","passed","Tue Mar 10 00:19:33 UTC 2026","","[API] Museums tests","org.rococo.tests.tests.api.MuseumApiTest","canNotUpdateMuseumNameToExistTest"
"","2748","Should display bad credentials error, if sign in with unknown username","","Tue Mar 10 00:21:15 UTC 2026","passed","Tue Mar 10 00:21:18 UTC 2026","","[WEB] Login tests","org.rococo.tests.tests.web.LoginWebTest","shouldDisplayBadCredentialsErrorIfUsernameUnknownTest"
"","123","Can delete artist","","Tue Mar 10 00:19:40 UTC 2026","passed","Tue Mar 10 00:19:40 UTC 2026","","[DB] Artists tests","org.rococo.tests.tests.fake.db.ArtistDbTest","canDeleteArtistTest"
"","1319","Returns Optional.empty() if search museum by unknown title","","Tue Mar 10 00:19:31 UTC 2026","passed","Tue Mar 10 00:19:32 UTC 2026","","[API] Museums tests","org.rococo.tests.tests.api.MuseumApiTest","canGetEmptyMuseumByUnknownTitleTest"
"","27","Returns Optional.empty() if search country by unknown id","","Tue Mar 10 00:19:48 UTC 2026","passed","Tue Mar 10 00:19:48 UTC 2026","","[GRPC] Countries tests","org.rococo.tests.tests.fake.grpc.CountryGrpcTest","canGetEmptyCountryByUnknownIdTest"
"","703","Can login user with valid data","","Tue Mar 10 00:19:30 UTC 2026","passed","Tue Mar 10 00:19:31 UTC 2026","","[API] Login tests","org.rococo.tests.tests.api.LoginApiTests","canLoginUserWithValidDataTest"
"","94","Should returns BAD_REQUEST if register with invalid length username Case: username length = 0","","Tue Mar 10 00:19:38 UTC 2026","passed","Tue Mar 10 00:19:38 UTC 2026","","[API] Registration tests","org.rococo.tests.tests.api.RegistrationApiTests","shouldReturnBadRequestIfUsernameLengthInvalidTest"
"","13","Returns Optional.empty() if search painting by unknown id","","Tue Mar 10 00:19:43 UTC 2026","passed","Tue Mar 10 00:19:43 UTC 2026","","[DB] Paintings tests","org.rococo.tests.tests.fake.db.PaintingDbTest","canGetEmptyPaintingByUnknownIdTest"
"","7","Can get all countries","","Tue Mar 10 00:19:40 UTC 2026","passed","Tue Mar 10 00:19:40 UTC 2026","","[DB] Paintings tests","org.rococo.tests.tests.fake.db.CountryDbTest","canGetAllCountriesTest"
"","527","Can get user by id","","Tue Mar 10 00:19:38 UTC 2026","passed","Tue Mar 10 00:19:39 UTC 2026","","[API] Users tests","org.rococo.tests.tests.api.UserApiTest","canGetUserByIdTest"
"","46","Returns Optional.empty() if search painting by unknown id","","Tue Mar 10 00:19:36 UTC 2026","passed","Tue Mar 10 00:19:36 UTC 2026","","[API] Paintings tests","org.rococo.tests.tests.api.PaintingApiTest","canGetEmptyPaintingByUnknownIdTest"
"","623","Can get painting by id","","Tue Mar 10 00:19:49 UTC 2026","passed","Tue Mar 10 00:19:50 UTC 2026","","[GRPC] Paintings tests","org.rococo.tests.tests.fake.grpc.PaintingGrpcTest","canGetPaintingByIdTest"
"","325","Can update museum","","Tue Mar 10 00:19:40 UTC 2026","passed","Tue Mar 10 00:19:40 UTC 2026","","[DB] Museums tests","org.rococo.tests.tests.fake.db.MuseumDbTest","canUpdateMuseumTest"
"","16457","Check errors visible on update museum form if fields have invalid data length Case: [1]","","Tue Mar 10 00:21:18 UTC 2026","passed","Tue Mar 10 00:21:35 UTC 2026","","[WEB] Museums tests","org.rococo.tests.tests.web.MuseumsWebTest","shouldVisibleErrorsOnMuseumUpdateFormIfMuseumFieldsHaveInvalidDataLengthTest"
"","5071","Can not create artist with exists name","","Tue Mar 10 00:19:22 UTC 2026","passed","Tue Mar 10 00:19:27 UTC 2026","","[API] Artists tests","org.rococo.tests.tests.api.ArtistApiTest","canNotCreateArtistWithExistsNameTest"
"","605","Can not update painting with unknown museum","","Tue Mar 10 00:19:37 UTC 2026","passed","Tue Mar 10 00:19:38 UTC 2026","","[API] Paintings tests","org.rococo.tests.tests.api.PaintingApiTest","canNotUpdatePaintingWithUnknownMuseumTest"
"","163","Should throw CountryNotFoundException if update museum with unknown country","","Tue Mar 10 00:19:40 UTC 2026","passed","Tue Mar 10 00:19:40 UTC 2026","","[DB] Museums tests","org.rococo.tests.tests.fake.db.MuseumDbTest","shouldThrowCountryNotFoundExceptionIfUpdateMuseumWithUnknownCountryTest"
"","8067","Check displayed empty filtered list container if artist not founded by query","","Tue Mar 10 00:20:25 UTC 2026","passed","Tue Mar 10 00:20:33 UTC 2026","","[WEB] Artists tests","org.rococo.tests.tests.web.ArtistsWebTest","shouldDisplayArtistAfterFilteringByNameTest"
"","664","Can not update painting with unknown artist","","Tue Mar 10 00:19:50 UTC 2026","passed","Tue Mar 10 00:19:51 UTC 2026","","[GRPC] Paintings tests","org.rococo.tests.tests.fake.grpc.PaintingGrpcTest","canNotCreatePaintingWithUnknownArtistTest"
"","6","Returns Optional.empty() if search museum by unknown title","","Tue Mar 10 00:19:40 UTC 2026","passed","Tue Mar 10 00:19:40 UTC 2026","","[DB] Museums tests","org.rococo.tests.tests.fake.db.MuseumDbTest","canGetEmptyMuseumByUnknownTitleTest"
"","13","Throws exception if CountryCode = EMPTY","","Tue Mar 10 00:19:29 UTC 2026","passed","Tue Mar 10 00:19:29 UTC 2026","","[API] Countries tests","org.rococo.tests.tests.api.CountryApiTest","shouldThrowExceptionIfCountryCodeIsEmptyTest"
"","662","Can get all museum","","Tue Mar 10 00:19:33 UTC 2026","passed","Tue Mar 10 00:19:33 UTC 2026","","[API] Museums tests","org.rococo.tests.tests.api.MuseumApiTest","canGetAllMuseumsTest"
"","27612","Check errors visible on add new painting form if fields have greater than max characters length Case: [max + 1]","","Tue Mar 10 00:25:10 UTC 2026","passed","Tue Mar 10 00:25:38 UTC 2026","","[WEB] Paintings tests","org.rococo.tests.tests.web.PaintingsWebTests","shouldDisplayErrorsOnAddAristFormIfPaintingFieldsHaveGreaterThanMaxLengthTest"
"","189","Can not create museum with exists name","","Tue Mar 10 00:19:40 UTC 2026","passed","Tue Mar 10 00:19:40 UTC 2026","","[DB] Museums tests","org.rococo.tests.tests.fake.db.MuseumDbTest","canNotCreateMuseumWithExistsNameTest"
"","126","Can create museum","","Tue Mar 10 00:19:40 UTC 2026","passed","Tue Mar 10 00:19:40 UTC 2026","","[DB] Museums tests","org.rococo.tests.tests.fake.db.MuseumDbTest","canCreateMuseumTest"
"","1309","Can get all artist","","Tue Mar 10 00:19:46 UTC 2026","passed","Tue Mar 10 00:19:47 UTC 2026","","[GRPC] Artists tests","org.rococo.tests.tests.fake.grpc.ArtistGrpcTest","canGetAllArtistsTest"
"","1334","Can update painting","","Tue Mar 10 00:19:49 UTC 2026","passed","Tue Mar 10 00:19:50 UTC 2026","","[GRPC] Paintings tests","org.rococo.tests.tests.fake.grpc.PaintingGrpcTest","canUpdatePaintingTest"
"","5275","Check user creates if username length is valid Case: [min]","","Tue Mar 10 00:25:52 UTC 2026","passed","Tue Mar 10 00:25:57 UTC 2026","","[WEB] Registration tests","org.rococo.tests.tests.web.RegistrationWebTests","shouldRegisterUserIfRegistrationDataIsValidTest"
"","379","Can not create painting with unknown museum","","Tue Mar 10 00:19:41 UTC 2026","passed","Tue Mar 10 00:19:42 UTC 2026","","[DB] Paintings tests","org.rococo.tests.tests.fake.db.PaintingDbTest","canNotCreatePaintingWithUnknownMuseumTest"
"","680","Returns Optional.empty() if search museum by unknown id","","Tue Mar 10 00:19:31 UTC 2026","passed","Tue Mar 10 00:19:31 UTC 2026","","[API] Museums tests","org.rococo.tests.tests.api.MuseumApiTest","canGetEmptyMuseumByUnknownIdTest"
"","5726","Should log out","","Tue Mar 10 00:21:11 UTC 2026","passed","Tue Mar 10 00:21:17 UTC 2026","","[WEB] Login tests","org.rococo.tests.tests.web.LoginWebTest","canLogOutTest"
"","21111","Check painting updates if data length is valid Case: [max]","","Tue Mar 10 00:24:17 UTC 2026","failed","Tue Mar 10 00:24:38 UTC 2026","","[WEB] Paintings tests","org.rococo.tests.tests.web.PaintingsWebTests","shouldUpdatePaintingWithValidLengthDataTest"
"","353","Can update museum","","Tue Mar 10 00:19:48 UTC 2026","passed","Tue Mar 10 00:19:48 UTC 2026","","[GRPC] Museums tests","org.rococo.tests.tests.fake.grpc.MuseumGrpcTest","canUpdateMuseumTest"
"","682","Can get country by code","","Tue Mar 10 00:19:29 UTC 2026","passed","Tue Mar 10 00:19:30 UTC 2026","","[API] Countries tests","org.rococo.tests.tests.api.CountryApiTest","canGetCountryByCodeTest"
"","191","Can get user by id","","Tue Mar 10 00:19:45 UTC 2026","passed","Tue Mar 10 00:19:45 UTC 2026","","[DB] Users tests","org.rococo.tests.tests.fake.db.UserDbTest","canGetUserByIdTest"
"","5879","Check errors displayed if registration data has invalid length Case: [max + 1]","","Tue Mar 10 00:26:09 UTC 2026","passed","Tue Mar 10 00:26:15 UTC 2026","","[WEB] Registration tests","org.rococo.tests.tests.web.RegistrationWebTests","shouldDisplayErrorsIfRegistrationDataLengthIsInvalidTest"
"","10767","Check errors visible on update artist form if fields have greater than max characters length Case: [1]","","Tue Mar 10 00:20:46 UTC 2026","passed","Tue Mar 10 00:20:57 UTC 2026","","[WEB] Artists tests","org.rococo.tests.tests.web.ArtistsWebTest","shouldVisibleErrorsOnArtistUpdateFormIfArtistFieldsHaveGreaterThanMaxLengthTest"
"","18582","Check error displayed on update museum form when uploading image with invalid format","","Tue Mar 10 00:21:43 UTC 2026","passed","Tue Mar 10 00:22:01 UTC 2026","","[WEB] Museums tests","org.rococo.tests.tests.web.MuseumsWebTest","shouldDisplayErrorOnUpdateMuseumFormWhenUploadingInvalidImageFormat"
"","5582","Check errors displayed if registration data has invalid length Case: [min - 1]","","Tue Mar 10 00:26:09 UTC 2026","passed","Tue Mar 10 00:26:15 UTC 2026","","[WEB] Registration tests","org.rococo.tests.tests.web.RegistrationWebTests","shouldDisplayErrorsIfRegistrationDataLengthIsInvalidTest"
"","78","Returns Optional.empty() if search user by unknown id","","Tue Mar 10 00:19:39 UTC 2026","passed","Tue Mar 10 00:19:39 UTC 2026","","[API] Users tests","org.rococo.tests.tests.api.UserApiTest","canGetEmptyUserByUnknownIdTest"
"","13231","Check museum creates if data length is valid Case: [min]","","Tue Mar 10 00:21:38 UTC 2026","broken","Tue Mar 10 00:21:51 UTC 2026","","[WEB] Museums tests","org.rococo.tests.tests.web.MuseumsWebTest","shouldCreateMuseumWithValidLengthDataTest"
"","6732","Check errors visible on add new artist form if fields have greater than max characters length Case: [max + 1]","","Tue Mar 10 00:21:04 UTC 2026","passed","Tue Mar 10 00:21:11 UTC 2026","","[WEB] Artists tests","org.rococo.tests.tests.web.ArtistsWebTest","shouldDisplayErrorsOnAddAristFormIfArtistFieldsHaveGreaterThanMaxLengthTest"
"","17434","Check errors visible on update museum form if fields have invalid data length Case: [max + 10]","","Tue Mar 10 00:22:15 UTC 2026","broken","Tue Mar 10 00:22:32 UTC 2026","","[WEB] Museums tests","org.rococo.tests.tests.web.MuseumsWebTest","shouldVisibleErrorsOnMuseumUpdateFormIfMuseumFieldsHaveInvalidDataLengthTest"
"","273","Can not update username","","Tue Mar 10 00:19:44 UTC 2026","passed","Tue Mar 10 00:19:45 UTC 2026","","[DB] Users tests","org.rococo.tests.tests.fake.db.UserDbTest","canNotUpdateArtistNameToExistTest"
"","412","Can not update artist name to exist","","Tue Mar 10 00:19:28 UTC 2026","passed","Tue Mar 10 00:19:28 UTC 2026","","[API] Artists tests","org.rococo.tests.tests.api.ArtistApiTest","canNotUpdateArtistNameToExistTest"
"","10775","Check artist creates if data length is valid Case: [min]","","Tue Mar 10 00:20:33 UTC 2026","passed","Tue Mar 10 00:20:44 UTC 2026","","[WEB] Artists tests","org.rococo.tests.tests.web.ArtistsWebTest","shouldCreateArtistWithValidLengthDataTest"
"","156","Should throw CountryNotFoundException if create museum with unknown country","","Tue Mar 10 00:19:32 UTC 2026","passed","Tue Mar 10 00:19:32 UTC 2026","","[API] Museums tests","org.rococo.tests.tests.api.MuseumApiTest","shouldThrowCountryNotFoundExceptionIfCreateMuseumWithUnknownCountryTest"
"","321","Can delete artist","","Tue Mar 10 00:19:47 UTC 2026","passed","Tue Mar 10 00:19:47 UTC 2026","","[GRPC] Artists tests","org.rococo.tests.tests.fake.grpc.ArtistGrpcTest","canDeleteArtistTest"
"","1261","Can update painting","","Tue Mar 10 00:19:41 UTC 2026","passed","Tue Mar 10 00:19:42 UTC 2026","","[DB] Paintings tests","org.rococo.tests.tests.fake.db.PaintingDbTest","canUpdatePaintingTest"
"","1121","Can get all artist","","Tue Mar 10 00:19:27 UTC 2026","passed","Tue Mar 10 00:19:28 UTC 2026","","[API] Artists tests","org.rococo.tests.tests.api.ArtistApiTest","canGetAllArtistsTest"
"","649","Can get artist by id","","Tue Mar 10 00:19:27 UTC 2026","passed","Tue Mar 10 00:19:28 UTC 2026","","[API] Artists tests","org.rococo.tests.tests.api.ArtistApiTest","canGetArtistByIdTest"
"","266","Can delete museum","","Tue Mar 10 00:19:48 UTC 2026","passed","Tue Mar 10 00:19:49 UTC 2026","","[GRPC] Museums tests","org.rococo.tests.tests.fake.grpc.MuseumGrpcTest","canDeleteMuseumTest"
"","141","Returns Optional.empty() if search country by unknown id","","Tue Mar 10 00:19:30 UTC 2026","passed","Tue Mar 10 00:19:30 UTC 2026","","[API] Countries tests","org.rococo.tests.tests.api.CountryApiTest","canGetEmptyCountryByUnknownIdTest"
"","9","Returns Optional.empty() if search artist by unknown name","","Tue Mar 10 00:19:40 UTC 2026","passed","Tue Mar 10 00:19:40 UTC 2026","","[DB] Artists tests","org.rococo.tests.tests.fake.db.ArtistDbTest","canGetEmptyArtistByUnknownNameTest"
"","9831","Check errors visible on update museum form if fields have invalid data length Case: [min - 1]","","Tue Mar 10 00:21:35 UTC 2026","passed","Tue Mar 10 00:21:45 UTC 2026","","[WEB] Museums tests","org.rococo.tests.tests.web.MuseumsWebTest","shouldVisibleErrorsOnMuseumUpdateFormIfMuseumFieldsHaveInvalidDataLengthTest"
"","6292","Check errors displayed if registration data has invalid length Case: [max + 10]","","Tue Mar 10 00:26:02 UTC 2026","passed","Tue Mar 10 00:26:09 UTC 2026","","[WEB] Registration tests","org.rococo.tests.tests.web.RegistrationWebTests","shouldDisplayErrorsIfRegistrationDataLengthIsInvalidTest"
"","572","Can get painting by title","","Tue Mar 10 00:19:52 UTC 2026","passed","Tue Mar 10 00:19:52 UTC 2026","","[GRPC] Paintings tests","org.rococo.tests.tests.fake.grpc.PaintingGrpcTest","canGetPaintingByTitle"
"","5071","Can get artist by name","","Tue Mar 10 00:19:22 UTC 2026","passed","Tue Mar 10 00:19:27 UTC 2026","","[API] Artists tests","org.rococo.tests.tests.api.ArtistApiTest","canGetArtistByName"
"","90","Can get all countries","","Tue Mar 10 00:19:47 UTC 2026","passed","Tue Mar 10 00:19:48 UTC 2026","","[GRPC] Countries tests","org.rococo.tests.tests.fake.grpc.CountryGrpcTest","canGetAllCountriesTest"
"","33793","Check museum updates if data length is valid Case: [max]","","Tue Mar 10 00:22:11 UTC 2026","passed","Tue Mar 10 00:22:44 UTC 2026","","[WEB] Museums tests","org.rococo.tests.tests.web.MuseumsWebTest","shouldUpdateMuseumWithValidLengthDataTest"
"","674","Can update museum","","Tue Mar 10 00:19:31 UTC 2026","passed","Tue Mar 10 00:19:32 UTC 2026","","[API] Museums tests","org.rococo.tests.tests.api.MuseumApiTest","canUpdateMuseumTest"
"","6730","Should register if user credentials is valid","","Tue Mar 10 00:26:02 UTC 2026","passed","Tue Mar 10 00:26:09 UTC 2026","","[WEB] Registration tests","org.rococo.tests.tests.web.RegistrationWebTests","shouldRegisterUserWithCorrectCredentialsTest"
"","14510","Check errors visible on update artist form if fields have greater than max characters length Case: [max + 10]","","Tue Mar 10 00:20:05 UTC 2026","passed","Tue Mar 10 00:20:20 UTC 2026","","[WEB] Artists tests","org.rococo.tests.tests.web.ArtistsWebTest","shouldVisibleErrorsOnArtistUpdateFormIfArtistFieldsHaveGreaterThanMaxLengthTest"
"","176","Can get museum by id","","Tue Mar 10 00:19:40 UTC 2026","passed","Tue Mar 10 00:19:41 UTC 2026","","[DB] Museums tests","org.rococo.tests.tests.fake.db.MuseumDbTest","canGetMuseumByIdTest"
"","199","Can get museum by title","","Tue Mar 10 00:19:48 UTC 2026","passed","Tue Mar 10 00:19:48 UTC 2026","","[GRPC] Museums tests","org.rococo.tests.tests.fake.grpc.MuseumGrpcTest","canGetMuseumByTitle"
"","464","Can not update painting with unknown artist","","Tue Mar 10 00:19:52 UTC 2026","passed","Tue Mar 10 00:19:53 UTC 2026","","[GRPC] Paintings tests","org.rococo.tests.tests.fake.grpc.PaintingGrpcTest","canNotUpdatePaintingWithUnknownArtistTest"
"","4646","Check errors displayed if password has invalid pattern Case: [password not contains lowercase symbols]","","Tue Mar 10 00:25:52 UTC 2026","passed","Tue Mar 10 00:25:57 UTC 2026","","[WEB] Registration tests","org.rococo.tests.tests.web.RegistrationWebTests","shouldDisplayErrorsIfPasswordHasInvalidPatternTest"
"","7805","Check update artist button not exists without authorization","","Tue Mar 10 00:20:37 UTC 2026","passed","Tue Mar 10 00:20:45 UTC 2026","","[WEB] Artists tests","org.rococo.tests.tests.web.ArtistsWebTest","shouldNotAvailableUpdateArtistWithoutAuthorizationTest"
"","756","Returns Optional.empty() if search artist by unknown id","","Tue Mar 10 00:19:45 UTC 2026","passed","Tue Mar 10 00:19:46 UTC 2026","","[GRPC] Artists tests","org.rococo.tests.tests.fake.grpc.ArtistGrpcTest","canGetEmptyArtistByUnknownIdTest"
"","173","Can create user","","Tue Mar 10 00:19:53 UTC 2026","passed","Tue Mar 10 00:19:53 UTC 2026","","[GRPC] Users tests","org.rococo.tests.tests.fake.grpc.UserGrpcTest","canCreateUserTest"
"","921","Can get all countries","","Tue Mar 10 00:19:29 UTC 2026","passed","Tue Mar 10 00:19:30 UTC 2026","","[API] Countries tests","org.rococo.tests.tests.api.CountryApiTest","canGetAllCountriesTest"
"","11","Returns Optional.empty() if search painting by unknown title","","Tue Mar 10 00:19:43 UTC 2026","passed","Tue Mar 10 00:19:43 UTC 2026","","[DB] Paintings tests","org.rococo.tests.tests.fake.db.PaintingDbTest","canGetEmptyPaintingByUnknownTitleTest"
"","17802","Check errors visible on add new painting form if fields have greater than max characters length Case: [1]","","Tue Mar 10 00:24:26 UTC 2026","passed","Tue Mar 10 00:24:44 UTC 2026","","[WEB] Paintings tests","org.rococo.tests.tests.web.PaintingsWebTests","shouldDisplayErrorsOnAddAristFormIfPaintingFieldsHaveGreaterThanMaxLengthTest"
"","1908","Can get all paintings","","Tue Mar 10 00:19:49 UTC 2026","passed","Tue Mar 10 00:19:51 UTC 2026","","[GRPC] Paintings tests","org.rococo.tests.tests.fake.grpc.PaintingGrpcTest","canGetAllPaintingsTest"
"","2268","Check add new painting button not exists without authorization","","Tue Mar 10 00:23:25 UTC 2026","passed","Tue Mar 10 00:23:28 UTC 2026","","[WEB] Paintings tests","org.rococo.tests.tests.web.PaintingsWebTests","shouldNotAvailableAddPaintingWithoutAuthorizationTest"
"","36983","Check errors visible on update painting form if fields have greater than max characters length Case: [max + 10]","","Tue Mar 10 00:23:33 UTC 2026","passed","Tue Mar 10 00:24:10 UTC 2026","","[WEB] Paintings tests","org.rococo.tests.tests.web.PaintingsWebTests","shouldVisibleErrorsOnPaintingUpdateFormIfPaintingFieldsHaveGreaterThanMaxLengthTest"
"","30348","Check errors visible on update museum form if fields have invalid data length Case: [max + 1]","","Tue Mar 10 00:21:45 UTC 2026","passed","Tue Mar 10 00:22:15 UTC 2026","","[WEB] Museums tests","org.rococo.tests.tests.web.MuseumsWebTest","shouldVisibleErrorsOnMuseumUpdateFormIfMuseumFieldsHaveInvalidDataLengthTest"
"","271","Can create museum","","Tue Mar 10 00:19:32 UTC 2026","passed","Tue Mar 10 00:19:33 UTC 2026","","[API] Museums tests","org.rococo.tests.tests.api.MuseumApiTest","canCreateMuseumTest"
"","712","Can delete painting","","Tue Mar 10 00:19:42 UTC 2026","passed","Tue Mar 10 00:19:43 UTC 2026","","[DB] Paintings tests","org.rococo.tests.tests.fake.db.PaintingDbTest","canDeletePaintingTest"
"","196","Can not create museum if country not found","","Tue Mar 10 00:19:32 UTC 2026","passed","Tue Mar 10 00:19:32 UTC 2026","","[API] Museums tests","org.rococo.tests.tests.api.MuseumApiTest","canNotCreateMuseumIfCountryNotExistsTest"
"","6152","Check add new museum button not exists without authorization","","Tue Mar 10 00:21:51 UTC 2026","passed","Tue Mar 10 00:21:57 UTC 2026","","[WEB] Museums tests","org.rococo.tests.tests.web.MuseumsWebTest","shouldNotAvailableAddMuseumWithoutAuthorizationTest"
"","617","Can get painting by title","","Tue Mar 10 00:19:43 UTC 2026","passed","Tue Mar 10 00:19:44 UTC 2026","","[DB] Paintings tests","org.rococo.tests.tests.fake.db.PaintingDbTest","canGetPaintingByTitleTest"
"","221","Can create artist","","Tue Mar 10 00:19:46 UTC 2026","passed","Tue Mar 10 00:19:46 UTC 2026","","[GRPC] Artists tests","org.rococo.tests.tests.fake.grpc.ArtistGrpcTest","canCreateArtistTest"
"","1795","Can get all paintings","","Tue Mar 10 00:19:33 UTC 2026","passed","Tue Mar 10 00:19:35 UTC 2026","","[API] Paintings tests","org.rococo.tests.tests.api.PaintingApiTest","canGetAllPaintingsTest"
"","528","Can get user by username","","Tue Mar 10 00:19:38 UTC 2026","passed","Tue Mar 10 00:19:39 UTC 2026","","[API] Users tests","org.rococo.tests.tests.api.UserApiTest","canGetUserByUsername"
"","5638","Check user creates if username length is valid Case: [max]","","Tue Mar 10 00:25:57 UTC 2026","passed","Tue Mar 10 00:26:02 UTC 2026","","[WEB] Registration tests","org.rococo.tests.tests.web.RegistrationWebTests","shouldRegisterUserIfRegistrationDataIsValidTest"
"","39","Returns Optional.empty() if search artist by unknown name","","Tue Mar 10 00:19:47 UTC 2026","passed","Tue Mar 10 00:19:47 UTC 2026","","[GRPC] Artists tests","org.rococo.tests.tests.fake.grpc.ArtistGrpcTest","canGetEmptyArtistByUnknownNameTest"
"","281","Can get user by username","","Tue Mar 10 00:19:44 UTC 2026","passed","Tue Mar 10 00:19:45 UTC 2026","","[DB] Users tests","org.rococo.tests.tests.fake.db.UserDbTest","canGetUserByUsername"
"","354","Can delete artist","","Tue Mar 10 00:19:29 UTC 2026","passed","Tue Mar 10 00:19:29 UTC 2026","","[API] Artists tests","org.rococo.tests.tests.api.ArtistApiTest","canDeleteArtistTest"
"","4513","Should not login by incorrect credentials","","Tue Mar 10 00:21:11 UTC 2026","passed","Tue Mar 10 00:21:15 UTC 2026","","[WEB] Login tests","org.rococo.tests.tests.web.LoginWebTest","shouldDisplayBadCredentialsErrorIfPasswordIsIncorrectTest"
"","27478","Check painting creates if data length is valid Case: [max]","","Tue Mar 10 00:24:42 UTC 2026","failed","Tue Mar 10 00:25:10 UTC 2026","","[WEB] Paintings tests","org.rococo.tests.tests.web.PaintingsWebTests","shouldCreatePaintingWithValidLengthDataTest"
"","22464","Check error displayed on add museum form when uploading image with invalid format","","Tue Mar 10 00:22:39 UTC 2026","passed","Tue Mar 10 00:23:01 UTC 2026","","[WEB] Museums tests","org.rococo.tests.tests.web.MuseumsWebTest","shouldDisplayErrorOnAddMuseumFormWhenUploadingInvalidImageFormat"
"","231","Can not create museum with exists title","","Tue Mar 10 00:19:48 UTC 2026","passed","Tue Mar 10 00:19:48 UTC 2026","","[GRPC] Museums tests","org.rococo.tests.tests.fake.grpc.MuseumGrpcTest","canNotCreateMuseumWithExistsTitleTest"
"","65","Returns Optional.empty() if search museum by unknown title","","Tue Mar 10 00:19:48 UTC 2026","passed","Tue Mar 10 00:19:48 UTC 2026","","[GRPC] Museums tests","org.rococo.tests.tests.fake.grpc.MuseumGrpcTest","canGetEmptyMuseumByUnknownTitleTest"
"","420","Can get museum by title","","Tue Mar 10 00:19:32 UTC 2026","passed","Tue Mar 10 00:19:33 UTC 2026","","[API] Museums tests","org.rococo.tests.tests.api.MuseumApiTest","canGetMuseumByTitle"
"","11396","Check errors visible on add new painting form if image has invalid format","","Tue Mar 10 00:23:25 UTC 2026","failed","Tue Mar 10 00:23:37 UTC 2026","","[WEB] Paintings tests","org.rococo.tests.tests.web.PaintingsWebTests","shouldDisplayErrorOnAddPaintingFormWhenUploadingInvalidImageFormat"
"","17","Check displayed default empty list if museum not exists","","Tue Mar 10 00:21:18 UTC 2026","broken","Tue Mar 10 00:21:18 UTC 2026","","[WEB] Museums tests","org.rococo.tests.tests.web.MuseumsWebTest","shouldDisplayEmptyListWhenMuseumsNotExistsTest"
"","149","Should returns BAD_REQUEST if register with invalid length password Case: password length = 21","","Tue Mar 10 00:19:38 UTC 2026","passed","Tue Mar 10 00:19:38 UTC 2026","","[API] Registration tests","org.rococo.tests.tests.api.RegistrationApiTests","shouldReturnBadRequestIfPasswordLengthInvalidTest"
"","4","Returns Optional.empty() if search country by unknown id","","Tue Mar 10 00:19:40 UTC 2026","passed","Tue Mar 10 00:19:40 UTC 2026","","[DB] Paintings tests","org.rococo.tests.tests.fake.db.CountryDbTest","canGetEmptyCountryByUnknownIdTest"
"","457","Can delete user","","Tue Mar 10 00:19:53 UTC 2026","passed","Tue Mar 10 00:19:53 UTC 2026","","[GRPC] Users tests","org.rococo.tests.tests.fake.grpc.UserGrpcTest","canDeleteUserTest"
"","43","Can get country by code","","Tue Mar 10 00:19:47 UTC 2026","passed","Tue Mar 10 00:19:47 UTC 2026","","[GRPC] Countries tests","org.rococo.tests.tests.fake.grpc.CountryGrpcTest","canGetCountryByCodeTest"
"","28417","Check painting updates if data length is valid Case: [min]","","Tue Mar 10 00:23:48 UTC 2026","broken","Tue Mar 10 00:24:17 UTC 2026","","[WEB] Paintings tests","org.rococo.tests.tests.web.PaintingsWebTests","shouldUpdatePaintingWithValidLengthDataTest"
"","236","Should returns BAD_REQUEST if register with invalid length password Case: password length = 0","","Tue Mar 10 00:19:38 UTC 2026","passed","Tue Mar 10 00:19:38 UTC 2026","","[API] Registration tests","org.rococo.tests.tests.api.RegistrationApiTests","shouldReturnBadRequestIfPasswordLengthInvalidTest"
"","279","Can update user","","Tue Mar 10 00:19:45 UTC 2026","passed","Tue Mar 10 00:19:45 UTC 2026","","[DB] Users tests","org.rococo.tests.tests.fake.db.UserDbTest","canUpdateUserTest"
"","595","Can create painting","","Tue Mar 10 00:19:44 UTC 2026","passed","Tue Mar 10 00:19:44 UTC 2026","","[DB] Paintings tests","org.rococo.tests.tests.fake.db.PaintingDbTest","canCreatePaintingTest"
"","446","Can get painting by id","","Tue Mar 10 00:19:41 UTC 2026","passed","Tue Mar 10 00:19:41 UTC 2026","","[DB] Paintings tests","org.rococo.tests.tests.fake.db.PaintingDbTest","canGetPaintingByIdTest"
"","14636","Check errors visible on add new museum form if fields have greater than max characters length Case: [max + 1]","","Tue Mar 10 00:23:11 UTC 2026","passed","Tue Mar 10 00:23:25 UTC 2026","","[WEB] Museums tests","org.rococo.tests.tests.web.MuseumsWebTest","shouldDisplayErrorsOnAddAristFormIfMuseumFieldsHaveGreaterThanMaxLengthTest"
"","724","Can get painting by title","","Tue Mar 10 00:19:37 UTC 2026","passed","Tue Mar 10 00:19:38 UTC 2026","","[API] Paintings tests","org.rococo.tests.tests.api.PaintingApiTest","canGetPaintingByTitle"
"","661","Should returns BAD_REQUEST if password is invalid","","Tue Mar 10 00:19:30 UTC 2026","passed","Tue Mar 10 00:19:31 UTC 2026","","[API] Login tests","org.rococo.tests.tests.api.LoginApiTests","shouldReturnBadRequestIfPasswordIsInvalidTest"
"","268","Can get museum by id","","Tue Mar 10 00:19:48 UTC 2026","passed","Tue Mar 10 00:19:48 UTC 2026","","[GRPC] Museums tests","org.rococo.tests.tests.fake.grpc.MuseumGrpcTest","canGetMuseumByIdTest"
"","5071","Returns Optional.empty() if search artist by unknown id","","Tue Mar 10 00:19:22 UTC 2026","passed","Tue Mar 10 00:19:27 UTC 2026","","[API] Artists tests","org.rococo.tests.tests.api.ArtistApiTest","canGetEmptyArtistByUnknownIdTest"
"","26","Returns Optional.empty() if search painting by unknown id","","Tue Mar 10 00:19:51 UTC 2026","passed","Tue Mar 10 00:19:51 UTC 2026","","[GRPC] Paintings tests","org.rococo.tests.tests.fake.grpc.PaintingGrpcTest","canGetEmptyPaintingByUnknownIdTest"
"","195","Can create user","","Tue Mar 10 00:19:45 UTC 2026","passed","Tue Mar 10 00:19:45 UTC 2026","","[DB] Users tests","org.rococo.tests.tests.fake.db.UserDbTest","canCreateUserTest"
"","117","Can not create artist with exists name","","Tue Mar 10 00:19:40 UTC 2026","passed","Tue Mar 10 00:19:40 UTC 2026","","[DB] Artists tests","org.rococo.tests.tests.fake.db.ArtistDbTest","canNotCreateArtistWithExistsNameTest"
"","5159","Check errors displayed if password has invalid pattern Case: [password not contains uppercase symbols]","","Tue Mar 10 00:25:47 UTC 2026","passed","Tue Mar 10 00:25:52 UTC 2026","","[WEB] Registration tests","org.rococo.tests.tests.web.RegistrationWebTests","shouldDisplayErrorsIfPasswordHasInvalidPatternTest"
"","7896","Check paintings found by filtered search","","Tue Mar 10 00:23:25 UTC 2026","passed","Tue Mar 10 00:23:33 UTC 2026","","[WEB] Paintings tests","org.rococo.tests.tests.web.PaintingsWebTests","shouldFindPaintingsWithFilterTest"
"","47339","Check errors visible on update painting form if fields have greater than max characters length Case: [1]","","Tue Mar 10 00:24:24 UTC 2026","passed","Tue Mar 10 00:25:11 UTC 2026","","[WEB] Paintings tests","org.rococo.tests.tests.web.PaintingsWebTests","shouldVisibleErrorsOnPaintingUpdateFormIfPaintingFieldsHaveGreaterThanMaxLengthTest"
"","566","Can update artist","","Tue Mar 10 00:19:46 UTC 2026","passed","Tue Mar 10 00:19:47 UTC 2026","","[GRPC] Artists tests","org.rococo.tests.tests.fake.grpc.ArtistGrpcTest","canUpdateArtistTest"
"","17560","Should update artist with correct data","","Tue Mar 10 00:20:19 UTC 2026","broken","Tue Mar 10 00:20:37 UTC 2026","","[WEB] Artists tests","org.rococo.tests.tests.web.ArtistsWebTest","shouldUpdateArtistWithCorrectDataTest"
"","450","Can not update museum name to exist","","Tue Mar 10 00:19:48 UTC 2026","passed","Tue Mar 10 00:19:48 UTC 2026","","[GRPC] Museums tests","org.rococo.tests.tests.fake.grpc.MuseumGrpcTest","canNotUpdateMuseumTitleToExistTest"
"","227","Can not update painting with unknown artist","","Tue Mar 10 00:19:44 UTC 2026","passed","Tue Mar 10 00:19:44 UTC 2026","","[DB] Paintings tests","org.rococo.tests.tests.fake.db.PaintingDbTest","canNotUpdatePaintingWithUnknownArtistTest"
